cart_id,customer_id,created_at
1,1,2024-04-05 14:27:45
2,2,2024-05-19 20:37:24
3,3,2024-06-29 04:10:11
4,4,2024-02-09 18:56:39
5,5,2024-06-12 06:37:52
6,6,2024-07-11 11:59:15
7,7,2024-01-31 22:41:12
8,8,2024-01-09 06:20:22
9,9,2024-10-13 03:02:05
10,10,2024-10-18 22:02:16
11,11,2024-08-18 20:47:23
12,12,2024-04-02 00:03:49
13,13,2024-01-13 02:51:46
14,14,2024-08-16 09:49:52
15,15,2024-10-10 06:15:00
16,16,2024-12-24 09:21:54
17,17,2024-09-19 03:53:06
18,18,2024-03-14 04:47:17
19,19,2024-01-28 06:56:26
20,20,2024-06-01 14:15:49
21,21,2024-11-19 14:28:38
22,22,2024-06-03 06:37:32
23,23,2024-11-23 03:27:22
24,24,2024-04-19 09:35:52
25,25,2024-03-07 14:17:14
26,26,2024-03-01 22:08:15
27,27,2024-04-24 03:37:12
28,28,2024-08-22 06:23:17
29,29,2024-10-02 19:28:57
30,30,2024-10-23 14:57:03
31,31,2024-12-08 15:52:14
32,32,2024-08-24 14:37:11
33,33,2024-05-08 09:46:47
34,34,2024-04-26 18:09:36
35,35,2024-05-13 21:23:59
36,36,2024-06-14 01:51:23
37,37,2024-04-23 22:11:34
38,38,2024-08-06 19:21:23
39,39,2024-07-03 17:40:14
40,40,2024-01-29 22:53:24
41,41,2024-02-25 22:35:26
42,42,2024-12-05 18:55:18
43,43,2024-04-12 01:59:45
44,44,2024-12-05 00:03:20
45,45,2024-08-09 19:02:13
46,46,2024-02-13 11:50:21
47,47,2024-08-15 06:31:06
48,48,2024-07-15 13:04:07
49,49,2024-09-24 11:45:30
50,50,2024-03-17 09:08:40
51,51,2024-03-06 04:27:29
52,52,2024-03-07 05:48:22
53,53,2024-07-25 14:56:05
54,54,2024-07-12 09:47:54
55,55,2024-02-07 08:37:45
56,56,2024-09-20 09:38:58
57,57,2024-09-11 04:52:22
58,58,2024-01-28 19:50:04
59,59,2024-09-17 03:22:35
60,60,2024-11-05 04:13:30
61,61,2024-02-09 23:33:06
62,62,2024-01-15 07:05:36
63,63,2024-12-07 09:57:04
64,64,2024-11-26 18:07:49
65,65,2024-12-16 23:29:41
66,66,2024-07-12 07:24:58
67,67,2024-04-27 10:49:49
68,68,2024-05-08 05:34:19
69,69,2024-08-07 12:39:44
70,70,2024-05-07 11:08:30
71,71,2024-07-12 15:57:32
72,72,2024-07-22 05:27:39
73,73,2024-01-11 14:13:57
74,74,2024-11-20 22:38:57
75,75,2024-05-23 12:04:10
76,76,2024-04-05 05:15:41
77,77,2024-03-14 06:24:40
78,78,2024-11-10 00:21:14
79,79,2024-09-01 15:27:38
80,80,2024-03-15 14:17:48
81,81,2024-10-21 13:13:51
82,82,2024-03-12 10:15:04
83,83,2024-06-03 22:55:13
84,84,2024-08-27 23:01:29
85,85,2024-10-30 09:50:14
86,86,2024-06-25 00:36:51
87,87,2024-02-28 02:12:49
88,88,2024-05-18 05:35:02
89,89,2024-05-19 23:15:51
90,90,2024-11-16 07:16:55
91,91,2024-01-22 00:51:21
92,92,2024-11-29 20:08:46
93,93,2024-06-07 05:24:56
94,94,2023-12-28 02:42:07
95,95,2024-11-14 18:03:13
96,96,2024-12-23 02:29:23
97,97,2024-03-14 16:33:34
98,98,2024-05-05 11:30:12
99,99,2024-05-09 13:59:26
100,100,2024-04-17 00:17:04
101,101,2024-06-10 12:12:23
102,102,2024-04-03 11:09:47
103,103,2024-11-02 19:48:53
104,104,2024-06-29 21:49:25
105,105,2024-01-19 17:25:37
106,106,2024-02-22 04:43:46
107,107,2024-08-28 07:38:53
108,108,2024-04-30 20:48:45
109,109,2024-02-11 01:23:11
110,110,2024-02-27 18:25:51
111,111,2024-10-19 06:02:23
112,112,2024-12-07 22:40:18
113,113,2024-03-12 06:06:16
114,114,2024-01-23 06:46:17
115,115,2023-12-30 21:49:00
116,116,2024-01-05 10:54:50
117,117,2024-08-19 10:00:28
118,118,2023-12-30 02:55:47
119,119,2024-07-18 10:23:05
120,120,2024-01-30 12:02:48
121,121,2024-08-01 14:03:16
122,122,2024-04-27 09:55:53
123,123,2024-10-09 14:55:43
124,124,2024-03-04 13:22:20
125,125,2024-06-17 17:52:40
126,126,2024-11-27 13:50:23
127,127,2024-02-14 00:46:19
128,128,2024-02-29 13:30:25
129,129,2024-09-22 03:35:58
130,130,2024-11-04 05:42:55
131,131,2024-08-13 19:16:34
132,132,2024-08-23 13:33:00
133,133,2024-04-27 22:46:39
134,134,2024-10-05 09:42:04
135,135,2024-01-29 15:30:21
136,136,2024-05-20 14:26:42
137,137,2024-01-26 02:33:10
138,138,2024-06-26 02:20:59
139,139,2024-08-07 10:26:01
140,140,2024-01-02 17:58:22
141,141,2024-09-22 13:06:00
142,142,2024-08-17 19:13:52
143,143,2024-09-27 05:27:12
144,144,2024-01-05 23:19:53
145,145,2024-07-27 19:14:02
146,146,2024-05-07 18:18:11
147,147,2024-07-17 20:28:47
148,148,2024-01-22 02:49:30
149,149,2024-12-16 15:51:48
150,150,2024-11-15 00:19:21
151,151,2024-05-17 20:02:54
152,152,2024-04-15 22:33:21
153,153,2024-03-26 16:44:42
154,154,2024-01-26 15:25:17
155,155,2024-03-23 14:56:37
156,156,2024-11-17 08:39:16
157,157,2024-10-02 13:57:06
158,158,2024-01-09 18:16:01
159,159,2024-11-27 11:30:43
160,160,2024-10-15 07:01:42
161,161,2024-12-18 16:16:37
162,162,2024-11-12 19:13:36
163,163,2024-11-12 19:27:20
164,164,2024-11-04 04:56:34
165,165,2024-10-04 06:14:42
166,166,2024-08-27 07:40:03
167,167,2024-03-07 11:32:59
168,168,2024-10-29 11:03:30
169,169,2024-10-15 20:37:16
170,170,2024-04-19 18:10:04
171,171,2024-05-22 18:04:08
172,172,2024-05-23 19:18:16
173,173,2024-10-24 12:14:24
174,174,2024-09-20 05:15:06
175,175,2024-11-18 05:21:08
176,176,2024-11-15 04:42:19
177,177,2024-04-20 04:40:52
178,178,2024-06-12 03:57:22
179,179,2024-09-20 23:06:42
180,180,2024-04-21 10:21:02
181,181,2024-06-07 16:38:10
182,182,2024-05-11 04:01:56
183,183,2024-05-03 15:54:59
184,184,2024-11-25 04:37:12
185,185,2024-07-11 19:04:31
186,186,2024-01-22 09:38:57
187,187,2024-07-23 13:37:41
188,188,2024-02-16 03:58:34
189,189,2024-11-02 09:53:05
190,190,2024-11-29 14:21:24
191,191,2024-07-27 21:38:32
192,192,2024-06-29 08:30:30
193,193,2024-05-29 20:38:37
194,194,2024-07-14 23:57:08
195,195,2024-06-04 20:32:15
196,196,2024-02-10 00:36:24
197,197,2024-12-03 20:14:46
198,198,2024-02-07 08:15:10
199,199,2024-08-28 22:51:26
200,200,2024-10-02 06:37:39
201,201,2024-09-13 23:02:01
202,202,2024-06-12 20:58:52
203,203,2024-08-29 07:50:14
204,204,2024-05-07 13:57:42
205,205,2024-06-22 14:48:37
206,206,2024-07-21 12:33:26
207,207,2024-10-25 01:21:26
208,208,2024-03-21 23:04:43
209,209,2024-09-23 04:25:44
210,210,2024-05-23 08:50:29
211,211,2024-12-19 19:36:11
212,212,2024-08-11 07:14:05
213,213,2024-12-22 05:32:04
214,214,2024-07-07 14:54:45
215,215,2024-01-30 12:50:20
216,216,2024-06-20 23:04:05
217,217,2024-12-07 10:16:35
218,218,2024-11-10 08:38:18
219,219,2024-11-25 19:50:40
220,220,2024-02-14 05:28:18
221,221,2024-01-05 03:43:16
222,222,2024-03-19 20:22:54
223,223,2024-03-22 07:20:08
224,224,2024-02-10 07:29:38
225,225,2024-07-22 17:54:38
226,226,2024-12-11 21:30:22
227,227,2024-12-14 18:07:17
228,228,2024-12-20 19:44:30
229,229,2024-06-23 01:14:16
230,230,2024-04-17 12:25:41
231,231,2024-03-14 00:59:03
232,232,2024-03-16 09:36:40
233,233,2024-03-23 14:40:17
234,234,2024-01-01 13:41:54
235,235,2024-11-17 00:52:49
236,236,2024-10-03 21:30:19
237,237,2024-12-20 10:28:25
238,238,2024-08-23 08:08:43
239,239,2024-02-10 14:50:52
240,240,2024-10-26 01:56:46
241,241,2024-08-23 02:46:09
242,242,2024-05-15 12:55:11
243,243,2024-06-19 23:55:59
244,244,2023-12-31 04:56:35
245,245,2024-09-10 02:00:46
246,246,2024-01-05 04:57:39
247,247,2024-03-10 12:56:16
248,248,2024-03-12 10:55:19
249,249,2024-04-20 17:30:23
250,250,2024-01-23 17:19:19
251,251,2024-01-18 18:51:54
252,252,2024-04-21 04:03:01
253,253,2024-06-27 09:37:45
254,254,2024-02-13 22:36:59
255,255,2024-03-03 09:43:36
256,256,2023-12-28 23:54:46
257,257,2024-12-18 10:42:05
258,258,2024-08-22 13:04:07
259,259,2024-02-04 14:42:10
260,260,2024-12-23 23:14:59
261,261,2024-09-30 07:50:54
262,262,2024-08-20 19:58:46
263,263,2024-11-28 07:55:37
264,264,2024-02-26 05:16:41
265,265,2024-09-01 15:19:26
266,266,2024-06-18 04:49:14
267,267,2024-07-02 01:34:51
268,268,2023-12-26 03:07:01
269,269,2024-12-10 21:10:52
270,270,2024-02-07 08:01:47
271,271,2024-05-18 10:27:21
272,272,2024-10-09 07:39:29
273,273,2024-05-07 06:53:50
274,274,2024-11-30 11:20:35
275,275,2024-07-08 01:06:59
276,276,2024-12-21 23:01:07
277,277,2024-11-22 06:09:52
278,278,2024-09-21 22:45:21
279,279,2024-01-18 13:11:36
280,280,2024-12-08 18:31:26
281,281,2024-07-25 11:35:03
282,282,2024-12-18 14:00:40
283,283,2024-04-14 23:34:13
284,284,2024-01-03 23:10:54
285,285,2024-07-22 15:25:17
286,286,2023-12-27 06:49:52
287,287,2024-01-21 17:50:57
288,288,2024-07-31 20:35:01
289,289,2024-12-03 02:55:15
290,290,2024-02-24 18:06:02
291,291,2024-02-06 17:09:23
292,292,2024-02-29 16:59:18
293,293,2024-07-11 09:55:44
294,294,2024-11-30 07:25:21
295,295,2024-07-10 18:22:39
296,296,2024-10-12 06:13:42
297,297,2024-10-13 00:23:53
298,298,2024-05-27 04:24:00
299,299,2024-09-09 01:03:24
300,300,2024-06-19 11:53:48
301,301,2023-12-31 00:27:56
302,302,2024-11-07 10:55:09
303,303,2024-03-28 23:46:36
304,304,2024-05-03 21:33:51
305,305,2024-08-24 13:27:00
306,306,2024-06-17 10:01:20
307,307,2024-11-23 16:55:24
308,308,2024-03-13 19:48:06
309,309,2024-09-04 05:50:55
310,310,2024-03-13 09:41:09
311,311,2024-07-15 09:37:36
312,312,2024-06-29 06:19:11
313,313,2024-12-07 08:43:48
314,314,2024-02-03 10:18:25
315,315,2024-09-06 18:05:15
316,316,2024-07-06 04:47:27
317,317,2024-04-10 18:30:43
318,318,2024-03-21 23:30:54
319,319,2024-12-24 21:33:16
320,320,2024-10-06 05:35:22
321,321,2024-02-11 14:30:35
322,322,2024-03-04 09:50:02
323,323,2024-07-07 17:05:43
324,324,2024-04-14 02:22:40
325,325,2024-07-16 16:04:44
326,326,2024-10-07 01:52:03
327,327,2024-02-18 13:00:38
328,328,2024-05-18 14:20:52
329,329,2024-08-24 12:18:47
330,330,2024-02-01 11:07:35
331,331,2024-08-10 15:00:42
332,332,2024-11-10 08:59:37
333,333,2024-10-03 13:41:29
334,334,2024-09-17 08:24:47
335,335,2024-09-26 02:35:52
336,336,2024-11-01 07:49:17
337,337,2024-02-10 11:30:56
338,338,2024-04-04 00:27:22
339,339,2024-06-11 21:55:16
340,340,2024-07-09 08:05:28
341,341,2024-06-15 10:06:04
342,342,2024-03-04 16:30:12
343,343,2024-08-17 23:08:44
344,344,2024-08-05 06:16:57
345,345,2024-02-08 13:50:14
346,346,2024-09-10 04:03:56
347,347,2024-10-15 04:15:46
348,348,2024-11-07 23:54:09
349,349,2024-07-20 19:59:45
350,350,2024-06-24 13:10:11
351,351,2024-12-20 14:15:39
352,352,2024-02-09 13:23:06
353,353,2024-10-15 11:35:39
354,354,2024-09-23 18:01:56
355,355,2023-12-30 04:36:44
356,356,2024-10-03 12:02:02
357,357,2024-01-31 05:14:50
358,358,2024-05-25 03:25:48
359,359,2024-09-04 08:57:48
360,360,2024-10-15 03:08:58
361,361,2024-06-19 18:59:03
362,362,2024-08-29 11:54:57
363,363,2024-11-23 22:29:43
364,364,2024-02-14 21:19:24
365,365,2024-12-07 08:01:25
366,366,2024-08-21 13:52:59
367,367,2024-08-23 04:15:24
368,368,2024-08-11 06:47:29
369,369,2024-07-28 03:33:31
370,370,2024-09-08 05:29:16
371,371,2024-05-13 18:15:09
372,372,2024-05-14 03:52:38
373,373,2024-07-04 02:25:37
374,374,2024-06-10 02:53:13
375,375,2024-06-19 02:55:58
376,376,2024-09-09 15:32:57
377,377,2024-01-10 13:29:25
378,378,2024-11-27 18:24:07
379,379,2024-08-30 09:30:59
380,380,2024-12-24 15:25:18
381,381,2024-09-20 09:40:44
382,382,2024-04-18 02:29:57
383,383,2024-03-19 16:41:31
384,384,2024-09-04 20:44:04
385,385,2024-07-09 03:03:43
386,386,2024-07-29 16:40:49
387,387,2024-07-10 21:20:40
388,388,2024-04-18 16:53:13
389,389,2024-03-20 09:51:47
390,390,2024-09-06 13:32:18
391,391,2024-10-21 23:48:35
392,392,2024-03-21 03:52:16
393,393,2024-06-08 15:15:23
394,394,2024-04-05 23:15:57
395,395,2024-11-20 09:27:36
396,396,2024-09-19 18:51:11
397,397,2024-07-16 13:55:42
398,398,2024-06-13 23:12:28
399,399,2024-03-17 08:39:38
400,400,2024-01-16 14:58:24
401,401,2024-02-14 01:26:41
402,402,2024-06-28 03:24:49
403,403,2024-06-05 11:20:46
404,404,2024-10-28 06:43:22
405,405,2024-09-26 22:34:41
406,406,2024-02-29 00:14:52
407,407,2024-08-15 06:33:45
408,408,2024-03-01 01:08:43
409,409,2024-10-06 21:48:57
410,410,2024-01-12 13:50:25
411,411,2024-09-01 01:25:24
412,412,2024-03-29 02:57:10
413,413,2024-05-07 22:21:38
414,414,2024-04-29 11:07:20
415,415,2024-11-02 12:54:30
416,416,2024-11-20 03:16:44
417,417,2024-10-20 16:21:28
418,418,2024-12-10 00:36:25
419,419,2024-10-07 05:53:54
420,420,2024-11-05 14:06:21
421,421,2024-05-25 19:14:22
422,422,2024-03-08 12:41:26
423,423,2024-05-25 03:24:27
424,424,2024-02-21 02:20:55
425,425,2024-03-27 02:01:47
426,426,2024-07-18 08:42:36
427,427,2024-09-12 09:22:23
428,428,2024-10-02 05:51:31
429,429,2024-04-25 10:39:41
430,430,2024-07-03 09:01:14
431,431,2024-08-29 05:17:27
432,432,2024-03-15 20:30:19
433,433,2024-04-20 06:32:16
434,434,2024-10-12 18:38:44
435,435,2024-04-06 10:58:17
436,436,2024-06-07 00:07:13
437,437,2024-07-29 18:10:05
438,438,2024-06-14 16:50:23
439,439,2024-09-25 09:44:57
440,440,2024-11-19 13:40:50
441,441,2024-08-28 03:57:35
442,442,2024-03-31 23:15:57
443,443,2024-11-13 07:27:41
444,444,2024-10-14 20:15:39
445,445,2024-12-05 21:23:05
446,446,2024-01-13 23:39:21
447,447,2024-02-25 23:40:51
448,448,2024-05-20 12:52:01
449,449,2024-02-13 04:33:30
450,450,2024-10-08 20:04:30
451,451,2024-04-05 15:11:39
452,452,2024-03-31 19:30:29
453,453,2024-02-21 11:55:46
454,454,2024-05-31 12:52:36
455,455,2024-03-22 17:00:56
456,456,2024-04-15 23:21:50
457,457,2024-07-04 14:30:54
458,458,2024-10-31 00:05:34
459,459,2024-09-01 09:39:44
460,460,2024-10-20 14:21:38
461,461,2024-02-19 09:47:47
462,462,2024-10-28 16:00:40
463,463,2024-07-29 18:58:22
464,464,2024-01-14 19:17:50
465,465,2024-07-19 18:43:33
466,466,2024-02-08 08:35:18
467,467,2024-11-19 16:23:46
468,468,2024-11-14 17:39:23
469,469,2024-05-06 21:28:46
470,470,2024-12-20 07:38:04
471,471,2024-02-15 15:02:30
472,472,2024-11-14 21:21:08
473,473,2024-10-24 10:47:29
474,474,2024-10-20 20:25:15
475,475,2024-05-03 13:09:01
476,476,2023-12-26 07:48:47
477,477,2024-03-16 08:11:07
478,478,2024-03-07 11:05:48
479,479,2024-12-23 15:30:59
480,480,2024-04-30 09:28:18
481,481,2024-11-27 07:00:40
482,482,2024-03-01 10:52:37
483,483,2024-08-26 17:13:19
484,484,2024-09-14 10:08:59
485,485,2024-10-01 19:50:08
486,486,2024-07-10 04:29:48
487,487,2024-08-01 18:37:26
488,488,2024-03-02 03:39:36
489,489,2024-01-27 18:24:43
490,490,2024-03-28 23:27:38
491,491,2024-12-23 10:51:23
492,492,2024-03-27 12:32:38
493,493,2024-07-28 13:52:07
494,494,2024-12-17 21:49:24
495,495,2024-07-11 19:33:22
496,496,2024-12-21 20:15:46
497,497,2024-11-22 02:25:21
498,498,2024-11-09 09:37:21
499,499,2024-11-06 01:24:18
500,500,2024-12-13 14:54:18
501,501,2024-06-24 15:23:56
502,502,2024-02-03 19:25:19
503,503,2024-03-31 05:03:11
504,504,2023-12-27 06:36:36
505,505,2024-04-06 00:21:48
506,506,2024-12-09 07:31:19
507,507,2024-03-03 21:46:04
508,508,2024-05-27 19:48:08
509,509,2024-11-02 11:32:31
510,510,2024-02-10 07:14:38
511,511,2024-06-16 19:40:45
512,512,2024-09-05 01:02:00
513,513,2024-06-22 00:08:37
514,514,2024-11-19 22:43:06
515,515,2024-10-31 04:20:10
516,516,2024-11-12 17:53:22
517,517,2024-09-17 13:04:52
518,518,2024-09-04 08:08:35
519,519,2024-04-22 12:19:22
520,520,2024-04-30 18:34:27
521,521,2024-12-12 15:52:17
522,522,2024-02-21 02:20:11
523,523,2024-01-17 22:54:54
524,524,2024-08-08 05:25:24
525,525,2024-02-09 11:57:40
526,526,2024-05-25 17:31:59
527,527,2024-07-31 01:18:35
528,528,2024-01-16 18:44:51
529,529,2024-11-26 05:44:30
530,530,2024-07-30 13:58:18
531,531,2024-07-17 11:48:10
532,532,2024-11-16 08:52:07
533,533,2024-05-28 04:46:25
534,534,2024-02-20 03:46:11
535,535,2024-12-19 11:19:48
536,536,2024-06-20 21:40:07
537,537,2024-12-03 10:35:11
538,538,2024-02-01 12:14:00
539,539,2024-05-20 15:13:43
540,540,2024-02-22 14:11:25
541,541,2024-05-13 08:53:05
542,542,2024-12-16 21:58:58
543,543,2024-01-20 12:41:49
544,544,2024-08-14 20:51:01
545,545,2023-12-29 18:35:13
546,546,2024-11-28 12:16:17
547,547,2024-02-29 06:13:31
548,548,2024-03-03 14:29:19
549,549,2024-08-07 00:26:38
550,550,2024-04-21 07:50:31
551,551,2024-03-25 17:47:06
552,552,2024-07-11 22:12:54
553,553,2024-05-29 02:55:01
554,554,2024-06-04 19:23:07
555,555,2024-11-29 11:24:51
556,556,2024-07-03 18:05:32
557,557,2024-01-26 23:05:49
558,558,2024-11-14 14:29:51
559,559,2024-04-18 09:53:36
560,560,2024-10-04 09:35:00
561,561,2024-09-14 01:56:24
562,562,2024-05-02 10:40:06
563,563,2024-01-14 20:13:18
564,564,2024-03-29 04:55:53
565,565,2024-05-21 07:04:47
566,566,2024-11-29 13:55:01
567,567,2024-09-11 18:46:38
568,568,2024-02-07 15:07:38
569,569,2024-01-22 22:37:17
570,570,2024-11-28 02:19:34
571,571,2024-05-06 12:19:55
572,572,2024-08-30 09:54:15
573,573,2024-05-13 15:07:32
574,574,2024-06-25 19:56:39
575,575,2024-07-10 20:35:20
576,576,2024-05-13 20:12:10
577,577,2024-11-24 11:48:20
578,578,2024-12-02 19:20:09
579,579,2024-03-01 12:31:07
580,580,2024-10-10 18:39:56
581,581,2024-05-14 17:29:22
582,582,2024-02-21 17:49:26
583,583,2024-06-01 18:45:10
584,584,2024-01-08 15:54:17
585,585,2024-10-24 04:20:40
586,586,2024-07-27 16:50:47
587,587,2024-10-25 09:04:38
588,588,2024-11-30 12:43:17
589,589,2024-06-11 08:14:47
590,590,2023-12-27 22:07:47
591,591,2024-01-03 11:11:26
592,592,2024-02-09 16:06:59
593,593,2024-10-25 12:42:12
594,594,2024-12-05 13:08:47
595,595,2024-08-10 20:15:59
596,596,2024-03-24 20:33:26
597,597,2024-01-27 11:05:46
598,598,2024-01-26 13:49:27
599,599,2024-11-18 15:37:54
600,600,2024-06-20 08:17:41
601,601,2024-06-29 05:56:19
602,602,2024-10-15 07:03:45
603,603,2024-01-09 21:17:10
604,604,2024-11-29 00:51:16
605,605,2024-01-20 04:17:34
606,606,2024-06-14 00:03:30
607,607,2024-07-20 10:09:33
608,608,2024-04-04 10:45:20
609,609,2024-08-30 15:12:19
610,610,2024-10-04 13:23:14
611,611,2024-07-19 07:02:32
612,612,2024-10-31 23:55:10
613,613,2024-01-14 16:03:36
614,614,2024-04-22 01:45:54
615,615,2024-06-23 05:39:33
616,616,2024-06-02 19:19:15
617,617,2024-04-29 19:24:50
618,618,2024-09-03 01:17:28
619,619,2024-05-12 00:36:49
620,620,2024-02-17 12:41:30
621,621,2024-03-13 06:57:29
622,622,2024-02-06 00:31:59
623,623,2024-10-16 23:00:33
624,624,2024-08-26 02:26:39
625,625,2024-11-05 23:08:25
626,626,2024-01-05 20:10:38
627,627,2024-05-27 17:58:44
628,628,2024-01-11 23:38:55
629,629,2024-09-20 13:16:09
630,630,2024-06-16 13:01:56
631,631,2024-10-21 04:53:18
632,632,2024-05-23 23:45:54
633,633,2024-01-23 15:34:42
634,634,2024-07-12 06:02:48
635,635,2024-06-10 04:48:50
636,636,2024-04-15 11:30:36
637,637,2024-07-25 07:43:55
638,638,2024-05-09 06:17:47
639,639,2024-10-02 21:25:04
640,640,2024-06-22 07:16:38
641,641,2024-08-20 10:55:56
642,642,2024-10-25 10:23:41
643,643,2024-09-06 12:33:39
644,644,2024-05-05 21:49:08
645,645,2024-03-25 05:35:14
646,646,2024-06-22 19:16:07
647,647,2024-07-20 19:18:02
648,648,2024-02-28 17:02:06
649,649,2024-12-08 12:33:16
650,650,2024-03-03 15:24:00
651,651,2024-07-05 13:33:43
652,652,2024-08-05 01:32:15
653,653,2024-06-14 05:40:47
654,654,2024-03-30 08:12:31
655,655,2024-05-12 22:34:54
656,656,2024-09-26 19:04:25
657,657,2024-07-18 08:23:48
658,658,2024-07-31 15:02:15
659,659,2024-06-01 14:21:33
660,660,2024-01-25 13:43:27
661,661,2024-12-20 01:13:27
662,662,2024-08-18 00:43:24
663,663,2024-05-21 12:55:55
664,664,2024-08-11 05:02:23
665,665,2024-10-26 14:57:23
666,666,2024-07-19 22:39:24
667,667,2024-05-24 03:47:16
668,668,2024-10-23 11:08:18
669,669,2024-03-23 10:41:34
670,670,2024-10-18 10:36:40
671,671,2024-04-19 13:40:34
672,672,2024-05-09 13:57:47
673,673,2024-07-01 14:36:07
674,674,2024-02-18 16:03:15
675,675,2024-12-05 06:41:30
676,676,2024-02-06 02:17:09
677,677,2024-01-10 07:44:42
678,678,2024-01-31 11:59:54
679,679,2024-11-04 20:33:37
680,680,2024-05-23 14:45:19
681,681,2024-04-15 01:31:17
682,682,2024-09-17 06:00:07
683,683,2024-05-08 20:09:46
684,684,2024-04-27 08:12:04
685,685,2024-02-18 14:51:25
686,686,2024-01-31 15:42:42
687,687,2024-08-23 21:07:40
688,688,2024-04-01 20:39:08
689,689,2024-03-13 06:36:04
690,690,2024-02-02 19:45:35
691,691,2024-10-29 13:20:48
692,692,2024-05-14 10:59:36
693,693,2024-08-25 05:15:40
694,694,2024-11-09 18:42:14
695,695,2024-08-20 23:11:31
696,696,2024-09-04 18:42:46
697,697,2024-08-03 02:24:45
698,698,2024-08-04 20:08:50
699,699,2024-03-10 13:12:06
700,700,2024-04-06 01:17:30
701,701,2024-03-27 21:39:31
702,702,2024-03-14 08:53:36
703,703,2024-12-15 11:35:59
704,704,2024-07-13 11:15:07
705,705,2024-07-31 21:15:49
706,706,2024-06-07 19:55:48
707,707,2024-09-08 21:44:22
708,708,2024-11-27 21:51:21
709,709,2024-01-10 06:43:28
710,710,2024-02-15 04:25:22
711,711,2024-10-06 10:20:54
712,712,2024-05-02 17:59:32
713,713,2024-10-05 15:29:13
714,714,2024-07-06 01:01:57
715,715,2024-09-19 17:05:20
716,716,2024-10-17 22:22:20
717,717,2024-06-29 07:57:58
718,718,2024-04-15 23:04:20
719,719,2024-09-10 02:24:26
720,720,2024-09-30 22:57:32
721,721,2024-02-20 16:23:14
722,722,2024-08-28 00:51:14
723,723,2024-01-14 23:16:42
724,724,2024-06-27 22:51:47
725,725,2024-09-17 00:46:06
726,726,2024-11-18 19:13:24
727,727,2024-04-08 11:28:46
728,728,2024-12-20 19:46:30
729,729,2024-11-15 14:29:25
730,730,2024-01-14 08:40:31
731,731,2024-06-16 01:22:46
732,732,2024-11-29 15:09:42
733,733,2024-12-22 18:13:51
734,734,2024-09-20 17:00:42
735,735,2024-02-06 00:34:03
736,736,2024-03-03 10:18:29
737,737,2024-03-30 21:37:11
738,738,2024-11-15 14:21:53
739,739,2024-12-12 22:37:21
740,740,2024-09-27 04:05:51
741,741,2024-04-15 09:09:30
742,742,2024-07-22 04:31:48
743,743,2024-10-24 17:43:50
744,744,2024-11-27 01:43:48
745,745,2024-07-08 09:52:22
746,746,2024-05-24 13:01:07
747,747,2024-12-14 12:49:23
748,748,2024-06-10 19:41:47
749,749,2024-08-07 04:06:56
750,750,2024-06-11 17:41:44
751,751,2024-04-09 07:16:17
752,752,2024-12-24 14:59:07
753,753,2024-05-20 23:15:52
754,754,2024-11-30 10:28:24
755,755,2024-01-26 00:50:26
756,756,2024-10-17 12:30:53
757,757,2024-11-26 21:07:57
758,758,2024-08-23 02:46:25
759,759,2024-01-25 00:27:51
760,760,2024-05-07 08:32:12
761,761,2024-11-14 14:58:03
762,762,2024-02-01 12:07:44
763,763,2023-12-29 03:35:30
764,764,2024-05-05 17:56:40
765,765,2024-03-01 07:32:17
766,766,2024-12-11 23:30:36
767,767,2024-10-21 02:12:05
768,768,2024-08-21 18:32:41
769,769,2024-09-23 14:41:53
770,770,2024-09-17 09:53:09
771,771,2024-11-17 07:59:44
772,772,2024-11-09 17:12:53
773,773,2024-01-18 22:49:02
774,774,2024-12-17 18:13:25
775,775,2024-06-09 22:07:50
776,776,2024-11-29 08:50:17
777,777,2024-07-25 01:18:48
778,778,2024-10-02 11:06:12
779,779,2024-07-11 23:07:24
780,780,2024-05-28 05:11:12
781,781,2024-11-29 09:15:33
782,782,2024-11-14 07:17:56
783,783,2024-10-13 05:58:42
784,784,2024-08-05 08:18:25
785,785,2024-09-26 05:55:38
786,786,2024-09-06 10:29:16
787,787,2024-04-17 07:53:12
788,788,2024-08-19 08:21:54
789,789,2024-01-07 19:20:25
790,790,2024-02-11 16:28:59
791,791,2024-09-05 14:24:06
792,792,2024-10-21 16:57:13
793,793,2023-12-31 01:01:16
794,794,2024-02-22 04:15:53
795,795,2024-11-02 22:58:43
796,796,2024-05-05 05:34:57
797,797,2023-12-28 07:23:26
798,798,2024-09-30 22:04:07
799,799,2024-08-04 08:15:16
800,800,2024-01-07 02:40:46
801,801,2024-02-21 22:25:48
802,802,2024-02-28 13:23:41
803,803,2024-08-13 18:07:14
804,804,2024-09-12 21:55:52
805,805,2024-01-09 14:05:42
806,806,2024-10-04 08:49:58
807,807,2024-11-17 07:29:12
808,808,2024-03-12 10:32:59
809,809,2024-01-18 23:11:34
810,810,2024-04-12 21:53:07
811,811,2024-03-01 02:37:04
812,812,2024-04-05 10:56:02
813,813,2024-11-15 03:08:47
814,814,2024-11-23 05:50:05
815,815,2024-04-12 05:00:43
816,816,2024-02-17 23:24:03
817,817,2024-02-20 19:29:18
818,818,2024-10-30 22:11:27
819,819,2024-06-27 15:21:55
820,820,2024-03-11 01:09:48
821,821,2024-03-27 01:07:44
822,822,2024-04-30 19:46:47
823,823,2024-06-27 11:50:07
824,824,2024-05-03 04:32:57
825,825,2024-04-14 22:10:54
826,826,2024-09-21 14:09:06
827,827,2024-06-16 06:15:23
828,828,2024-05-24 11:42:50
829,829,2024-07-10 12:29:17
830,830,2024-08-15 09:49:18
831,831,2024-09-27 11:20:42
832,832,2024-08-04 00:46:13
833,833,2024-09-05 03:13:57
834,834,2024-05-20 11:23:22
835,835,2024-04-22 07:22:13
836,836,2024-11-07 04:32:39
837,837,2024-04-22 21:40:22
838,838,2024-04-12 10:07:32
839,839,2024-01-07 05:30:04
840,840,2024-01-05 16:08:13
841,841,2024-03-08 06:34:24
842,842,2024-01-31 14:06:52
843,843,2024-09-10 14:58:21
844,844,2024-09-09 04:53:27
845,845,2024-11-08 15:04:09
846,846,2024-10-21 15:49:25
847,847,2024-12-06 06:27:29
848,848,2024-08-28 15:34:31
849,849,2024-05-20 11:32:38
850,850,2024-09-20 20:44:15
851,851,2024-11-09 21:36:58
852,852,2024-09-25 09:15:11
853,853,2024-08-02 03:33:57
854,854,2024-04-01 01:04:45
855,855,2024-08-13 05:22:30
856,856,2024-10-25 18:08:53
857,857,2024-01-04 10:41:46
858,858,2024-01-25 20:22:34
859,859,2024-12-02 10:02:29
860,860,2024-07-18 14:09:53
861,861,2024-01-06 02:03:49
862,862,2024-08-17 22:22:41
863,863,2024-02-06 04:46:03
864,864,2024-03-24 20:38:17
865,865,2024-04-03 06:49:35
866,866,2024-04-25 17:55:17
867,867,2024-07-07 15:19:08
868,868,2024-01-17 23:27:25
869,869,2024-07-24 04:44:17
870,870,2024-05-11 15:58:37
871,871,2024-05-23 17:01:47
872,872,2024-04-08 05:52:58
873,873,2024-02-19 21:49:36
874,874,2024-10-24 20:30:03
875,875,2024-08-05 10:46:54
876,876,2024-06-15 21:05:01
877,877,2024-06-08 22:20:58
878,878,2024-08-14 19:24:17
879,879,2024-12-22 08:38:45
880,880,2024-04-25 12:10:43
881,881,2024-01-11 20:25:04
882,882,2024-08-12 10:22:33
883,883,2024-08-01 20:31:44
884,884,2024-11-19 05:11:46
885,885,2024-01-06 04:21:15
886,886,2024-08-10 22:17:08
887,887,2024-04-02 12:03:59
888,888,2024-07-21 02:04:50
889,889,2024-08-18 17:31:30
890,890,2024-08-10 00:52:45
891,891,2024-05-11 01:42:22
892,892,2024-03-24 14:01:15
893,893,2024-07-21 05:50:20
894,894,2024-07-31 01:31:27
895,895,2024-02-25 07:28:27
896,896,2024-04-30 15:41:21
897,897,2024-08-18 13:03:25
898,898,2024-03-15 11:20:03
899,899,2024-11-12 04:30:47
900,900,2024-01-28 22:05:01
901,901,2024-09-16 20:37:11
902,902,2024-05-11 11:18:12
903,903,2024-09-01 02:37:15
904,904,2024-07-15 19:23:39
905,905,2024-12-13 06:23:49
906,906,2024-09-05 23:55:30
907,907,2024-03-08 09:41:24
908,908,2024-04-03 16:20:41
909,909,2024-09-02 11:13:55
910,910,2024-12-03 06:28:45
911,911,2024-12-03 11:13:37
912,912,2024-10-16 16:18:04
913,913,2024-06-18 20:19:40
914,914,2024-12-25 23:55:44
915,915,2024-02-14 03:32:43
916,916,2024-03-22 16:25:40
917,917,2024-01-26 15:40:19
918,918,2024-12-02 12:30:39
919,919,2024-04-27 08:34:50
920,920,2024-05-27 06:55:41
921,921,2024-07-30 06:10:14
922,922,2024-11-08 08:46:19
923,923,2024-11-25 22:09:59
924,924,2024-10-30 19:37:10
925,925,2024-07-28 07:32:58
926,926,2024-06-06 14:01:08
927,927,2024-05-20 12:20:45
928,928,2024-04-06 21:12:29
929,929,2024-03-14 11:02:21
930,930,2024-10-25 18:34:01
931,931,2024-06-15 00:45:47
932,932,2024-09-24 02:10:04
933,933,2024-09-05 15:44:00
934,934,2024-07-25 09:18:58
935,935,2024-07-03 01:21:33
936,936,2024-01-24 04:49:35
937,937,2024-12-14 07:50:50
938,938,2024-05-27 16:44:54
939,939,2024-08-29 13:49:31
940,940,2024-08-05 13:12:54
941,941,2024-04-27 16:28:38
942,942,2024-09-25 05:44:03
943,943,2024-08-24 21:40:02
944,944,2024-10-10 18:16:40
945,945,2024-03-08 00:07:59
946,946,2024-01-09 02:43:44
947,947,2024-02-09 13:32:15
948,948,2024-07-04 10:30:25
949,949,2024-05-10 04:33:43
950,950,2024-10-09 22:48:39
951,951,2024-02-11 05:22:31
952,952,2024-12-04 19:16:03
953,953,2024-06-01 00:01:00
954,954,2024-06-07 00:02:51
955,955,2024-07-28 04:14:35
956,956,2024-09-16 06:01:23
957,957,2024-11-27 09:49:52
958,958,2024-03-10 00:06:24
959,959,2024-08-05 18:27:44
960,960,2024-10-26 01:11:28
961,961,2024-02-29 17:18:43
962,962,2024-07-27 11:34:20
963,963,2024-11-03 04:50:26
964,964,2024-01-11 11:03:18
965,965,2024-12-03 07:10:43
966,966,2024-01-22 04:53:17
967,967,2024-12-18 13:42:19
968,968,2024-11-11 14:07:27
969,969,2024-02-18 22:16:16
970,970,2024-11-08 17:47:36
971,971,2024-08-18 01:56:16
972,972,2024-10-07 12:10:26
973,973,2024-08-22 18:40:25
974,974,2024-02-18 17:06:28
975,975,2024-11-12 03:40:49
976,976,2023-12-26 13:49:25
977,977,2024-04-30 04:33:56
978,978,2024-01-04 17:00:23
979,979,2024-03-06 09:10:16
980,980,2024-11-27 15:27:14
981,981,2024-01-14 02:15:44
982,982,2024-03-31 04:03:28
983,983,2024-01-10 00:53:58
984,984,2024-04-13 13:45:04
985,985,2024-09-15 16:26:44
986,986,2024-01-24 09:06:39
987,987,2024-04-13 11:51:30
988,988,2024-05-09 04:04:38
989,989,2024-07-05 06:42:53
990,990,2024-02-13 17:25:06
991,991,2024-06-21 07:27:19
992,992,2024-01-29 17:23:22
993,993,2024-09-09 12:05:03
994,994,2024-09-18 10:44:17
995,995,2024-12-18 15:24:02
996,996,2024-09-02 00:56:51
997,997,2024-07-27 00:42:36
998,998,2024-04-16 18:55:00
999,999,2024-06-20 16:31:34
1000,1000,2024-12-08 18:59:25
