order_tracking_id,order_id,order_status_id,timestamp
1,1,1,2024-02-10 12:00:08
2,2,2,2024-08-20 08:07:21
3,3,3,2024-01-05 03:54:20
4,4,4,2024-04-28 02:27:16
5,5,5,2024-06-16 22:45:02
6,6,6,2024-10-23 20:12:32
7,7,7,2024-06-09 13:14:04
8,8,8,2024-06-28 12:17:31
9,9,9,2024-05-19 05:25:34
10,10,10,2024-11-16 07:13:23
11,11,11,2024-09-09 00:41:46
12,12,12,2024-08-28 02:03:35
13,13,13,2024-05-26 08:49:27
14,14,14,2024-02-08 12:41:54
15,15,15,2024-12-11 15:05:55
16,16,16,2024-12-07 17:31:44
17,17,17,2024-01-20 13:25:57
18,18,18,2024-09-27 05:20:56
19,19,19,2024-12-02 22:40:16
20,20,20,2024-06-23 11:03:02
21,21,21,2024-05-28 00:41:41
22,22,22,2024-11-23 09:45:17
23,23,23,2024-05-15 18:01:48
24,24,24,2024-11-26 03:46:50
25,25,25,2024-03-18 10:26:50
26,26,26,2024-03-02 10:06:05
27,27,27,2024-11-29 23:10:23
28,28,28,2024-11-26 02:58:59
29,29,29,2024-02-06 09:40:40
30,30,30,2024-09-05 11:29:45
31,31,31,2024-01-25 14:02:42
32,32,32,2024-08-26 23:16:18
33,33,33,2024-02-01 06:12:00
34,34,34,2024-02-02 01:51:53
35,35,35,2024-12-24 14:50:38
36,36,36,2024-09-25 06:16:56
37,37,37,2024-08-18 23:47:27
38,38,38,2024-09-05 13:51:32
39,39,39,2024-08-20 09:04:55
40,40,40,2024-11-15 00:35:51
41,41,41,2024-11-05 21:17:40
42,42,42,2024-01-09 16:01:27
43,43,43,2024-02-03 04:39:49
44,44,44,2024-09-14 09:50:58
45,45,45,2024-10-08 07:55:27
46,46,46,2024-03-10 15:02:37
47,47,47,2024-09-06 17:58:20
48,48,48,2024-06-13 04:10:52
49,49,49,2024-07-13 04:31:54
50,50,50,2024-11-07 17:45:51
51,51,51,2024-02-05 03:37:22
52,52,52,2024-03-16 13:24:42
53,53,53,2024-10-24 05:06:48
54,54,54,2024-11-09 03:34:28
55,55,55,2024-07-04 13:51:24
56,56,56,2024-01-31 21:20:49
57,57,57,2024-10-16 11:35:28
58,58,58,2024-12-22 09:03:16
59,59,59,2024-10-10 06:04:00
60,60,60,2024-04-30 21:35:01
61,61,61,2024-02-02 05:39:01
62,62,62,2024-08-13 17:57:36
63,63,63,2024-10-06 02:05:36
64,64,64,2024-02-21 22:05:53
65,65,65,2024-05-25 09:30:35
66,66,66,2024-05-23 23:31:35
67,67,67,2024-05-15 05:03:57
68,68,68,2024-05-10 12:49:41
69,69,69,2024-05-14 15:49:18
70,70,70,2023-12-30 03:01:36
71,71,71,2024-09-15 02:15:00
72,72,72,2024-07-23 03:35:29
73,73,73,2024-07-11 18:24:54
74,74,74,2024-05-02 01:42:06
75,75,75,2024-05-25 13:18:42
76,76,76,2024-10-06 23:32:24
77,77,77,2024-07-26 02:45:39
78,78,78,2024-12-03 13:17:54
79,79,79,2024-03-16 23:32:04
80,80,80,2024-09-12 04:02:52
81,81,81,2024-02-04 21:18:26
82,82,82,2024-11-10 17:30:17
83,83,83,2024-02-02 18:12:42
84,84,84,2024-12-06 19:21:13
85,85,85,2024-12-03 01:09:24
86,86,86,2024-03-21 05:19:19
87,87,87,2024-11-22 14:19:02
88,88,88,2024-06-04 13:56:38
89,89,89,2024-07-11 10:43:33
90,90,90,2024-08-25 05:13:40
91,91,91,2024-07-06 23:33:11
92,92,92,2024-05-04 19:53:12
93,93,93,2024-02-29 12:09:55
94,94,94,2024-07-27 03:52:55
95,95,95,2024-03-15 19:57:10
96,96,96,2024-07-27 00:42:26
97,97,97,2024-08-06 11:13:36
98,98,98,2024-04-16 08:56:10
99,99,99,2024-06-08 21:43:32
100,100,100,2024-04-03 10:48:27
101,101,101,2024-11-20 20:40:43
102,102,102,2024-02-20 08:56:53
103,103,103,2024-12-10 16:57:39
104,104,104,2024-08-13 20:46:53
105,105,105,2024-07-11 13:39:12
106,106,106,2024-03-26 17:02:16
107,107,107,2024-10-11 05:46:49
108,108,108,2024-06-14 05:26:30
109,109,109,2024-01-14 03:37:29
110,110,110,2024-01-28 00:42:40
111,111,111,2024-03-25 12:57:29
112,112,112,2024-06-27 16:36:23
113,113,113,2024-01-23 15:10:54
114,114,114,2024-10-28 05:22:01
115,115,115,2024-08-25 20:09:09
116,116,116,2024-04-07 12:48:14
117,117,117,2024-02-22 04:26:15
118,118,118,2024-12-14 07:16:13
119,119,119,2024-07-28 01:55:42
120,120,120,2024-05-16 02:47:45
121,121,121,2024-11-17 14:25:57
122,122,122,2024-10-18 11:44:47
123,123,123,2024-11-09 14:45:16
124,124,124,2024-08-29 00:08:45
125,125,125,2024-08-10 19:50:00
126,126,126,2024-01-21 15:35:14
127,127,127,2024-10-21 22:32:21
128,128,128,2024-08-14 01:53:52
129,129,129,2024-01-19 04:09:47
130,130,130,2024-03-26 02:22:15
131,131,131,2024-11-02 15:45:22
132,132,132,2024-01-16 07:47:19
133,133,133,2024-10-11 08:32:54
134,134,134,2024-01-13 20:16:50
135,135,135,2024-01-14 04:55:57
136,136,136,2024-08-02 00:15:06
137,137,137,2024-06-01 05:49:10
138,138,138,2024-04-30 07:00:54
139,139,139,2024-11-23 20:21:04
140,140,140,2024-12-21 04:39:45
141,141,141,2024-07-06 05:30:25
142,142,142,2024-10-17 03:17:37
143,143,143,2024-10-23 09:57:30
144,144,144,2024-06-11 03:23:02
145,145,145,2024-06-17 22:32:01
146,146,146,2024-12-15 10:49:50
147,147,147,2024-10-11 21:40:23
148,148,148,2024-08-22 18:58:14
149,149,149,2024-06-26 13:39:58
150,150,150,2024-02-23 10:20:56
151,151,151,2024-02-16 14:08:49
152,152,152,2024-06-01 02:12:42
153,153,153,2024-06-22 11:01:18
154,154,154,2024-12-18 04:54:29
155,155,155,2024-02-20 22:51:13
156,156,156,2024-12-23 16:20:54
157,157,157,2024-09-28 13:41:00
158,158,158,2024-06-05 23:02:24
159,159,159,2024-07-06 12:28:07
160,160,160,2024-11-12 10:24:40
161,161,161,2024-01-19 16:07:37
162,162,162,2024-08-06 23:55:36
163,163,163,2024-07-03 02:30:49
164,164,164,2024-05-21 10:37:23
165,165,165,2024-04-15 19:01:25
166,166,166,2024-05-26 17:37:42
167,167,167,2024-01-13 20:11:14
168,168,168,2024-04-10 10:02:32
169,169,169,2024-03-21 15:28:05
170,170,170,2024-07-26 20:33:33
171,171,171,2024-03-29 20:04:35
172,172,172,2024-10-21 16:40:18
173,173,173,2024-01-24 10:06:20
174,174,174,2024-08-07 08:37:15
175,175,175,2024-05-30 05:15:40
176,176,176,2024-10-09 18:56:44
177,177,177,2024-11-24 14:33:11
178,178,178,2024-06-26 07:49:10
179,179,179,2024-12-05 21:11:46
180,180,180,2024-07-07 08:57:11
181,181,181,2024-05-14 01:36:23
182,182,182,2023-12-28 15:02:08
183,183,183,2024-02-17 17:23:56
184,184,184,2024-02-11 06:11:35
185,185,185,2024-06-12 18:23:37
186,186,186,2024-07-10 11:00:13
187,187,187,2024-12-22 21:32:35
188,188,188,2024-01-28 08:44:44
189,189,189,2024-09-15 16:42:01
190,190,190,2024-07-21 22:09:59
191,191,191,2024-04-07 08:11:40
192,192,192,2024-11-15 01:46:26
193,193,193,2024-09-29 18:18:29
194,194,194,2024-03-02 14:04:41
195,195,195,2023-12-28 13:59:21
196,196,196,2024-06-13 23:24:49
197,197,197,2024-12-09 00:21:34
198,198,198,2024-03-01 21:57:38
199,199,199,2024-10-12 03:02:52
200,200,200,2024-10-13 03:31:15
201,201,201,2024-08-28 05:51:10
202,202,202,2024-01-25 15:25:55
203,203,203,2024-05-09 07:09:35
204,204,204,2024-12-14 23:21:31
205,205,205,2024-12-12 22:57:23
206,206,206,2024-01-11 18:11:42
207,207,207,2024-04-09 16:14:53
208,208,208,2024-05-16 13:01:04
209,209,209,2024-04-16 02:52:43
210,210,210,2024-10-07 22:42:43
211,211,211,2024-05-26 05:33:15
212,212,212,2024-10-11 12:01:47
213,213,213,2024-10-06 18:22:10
214,214,214,2024-03-04 05:34:40
215,215,215,2024-07-28 00:44:29
216,216,216,2024-05-14 20:33:05
217,217,217,2024-11-16 01:59:39
218,218,218,2024-09-02 16:39:08
219,219,219,2024-07-12 13:48:23
220,220,220,2024-03-16 14:14:52
221,221,221,2023-12-27 04:34:56
222,222,222,2024-03-07 15:34:59
223,223,223,2024-11-07 12:06:47
224,224,224,2024-12-21 06:35:13
225,225,225,2024-06-15 17:58:06
226,226,226,2024-10-16 18:47:17
227,227,227,2024-11-01 09:18:53
228,228,228,2024-01-06 08:25:44
229,229,229,2024-09-03 03:17:05
230,230,230,2024-10-10 09:16:26
231,231,231,2024-05-23 01:33:06
232,232,232,2024-08-17 20:46:38
233,233,233,2024-08-11 05:15:17
234,234,234,2024-07-08 10:55:42
235,235,235,2024-07-01 22:48:47
236,236,236,2024-02-29 09:46:20
237,237,237,2024-01-12 11:29:16
238,238,238,2024-06-05 20:35:19
239,239,239,2024-12-15 02:17:07
240,240,240,2024-12-04 00:38:55
241,241,241,2024-10-18 10:33:42
242,242,242,2024-12-02 08:23:42
243,243,243,2024-12-20 17:59:06
244,244,244,2024-11-30 17:53:14
245,245,245,2024-02-14 12:21:46
246,246,246,2024-01-09 00:31:45
247,247,247,2024-11-14 12:54:34
248,248,248,2024-11-07 22:25:36
249,249,249,2024-05-26 00:35:01
250,250,250,2024-02-18 10:24:00
251,251,251,2024-03-03 16:33:05
252,252,252,2024-06-20 23:28:35
253,253,253,2024-12-11 13:39:34
254,254,254,2024-06-03 21:52:00
255,255,255,2024-09-16 09:59:37
256,256,256,2024-11-27 16:17:29
257,257,257,2024-01-08 19:18:45
258,258,258,2024-12-08 02:41:00
259,259,259,2024-11-04 10:51:14
260,260,260,2024-10-17 01:00:40
261,261,261,2024-10-10 07:19:22
262,262,262,2024-03-16 05:20:04
263,263,263,2024-04-27 14:23:19
264,264,264,2024-10-20 02:09:21
265,265,265,2024-05-22 01:53:22
266,266,266,2024-03-13 02:22:02
267,267,267,2024-07-20 10:25:47
268,268,268,2024-02-08 18:58:00
269,269,269,2024-01-22 03:28:36
270,270,270,2024-11-18 23:40:48
271,271,271,2024-01-31 07:57:06
272,272,272,2024-01-22 03:36:19
273,273,273,2024-10-10 08:11:43
274,274,274,2024-08-20 03:14:02
275,275,275,2024-01-04 12:57:21
276,276,276,2024-08-24 18:16:05
277,277,277,2024-11-16 20:04:21
278,278,278,2024-06-24 18:48:54
279,279,279,2024-02-08 15:59:37
280,280,280,2024-11-21 06:02:00
281,281,281,2024-04-24 18:26:57
282,282,282,2024-11-19 18:47:49
283,283,283,2024-05-12 20:16:08
284,284,284,2024-04-26 06:36:04
285,285,285,2024-09-21 09:47:44
286,286,286,2024-06-20 11:24:34
287,287,287,2024-10-13 02:47:00
288,288,288,2024-01-10 04:18:05
289,289,289,2024-04-25 13:05:34
290,290,290,2024-02-08 00:42:28
291,291,291,2024-10-11 02:21:59
292,292,292,2024-02-01 09:30:06
293,293,293,2024-04-26 10:40:15
294,294,294,2024-09-06 02:53:43
295,295,295,2024-01-15 18:22:36
296,296,296,2024-10-01 19:01:40
297,297,297,2024-09-09 13:16:21
298,298,298,2024-03-18 10:09:31
299,299,299,2024-02-06 23:23:52
300,300,300,2024-09-06 08:36:49
301,301,301,2024-01-15 23:24:25
302,302,302,2024-05-22 05:56:24
303,303,303,2024-12-17 06:32:42
304,304,304,2024-02-13 20:26:51
305,305,305,2024-10-25 23:37:59
306,306,306,2024-06-10 03:53:10
307,307,307,2024-02-28 08:39:09
308,308,308,2024-04-22 09:49:00
309,309,309,2024-12-09 23:26:06
310,310,310,2024-06-21 07:37:31
311,311,311,2024-09-28 23:02:42
312,312,312,2024-08-05 05:48:09
313,313,313,2024-03-20 14:25:51
314,314,314,2024-12-08 13:39:21
315,315,315,2024-06-07 07:04:22
316,316,316,2024-03-10 02:46:07
317,317,317,2024-08-19 04:51:49
318,318,318,2024-10-29 16:13:53
319,319,319,2024-01-03 18:39:27
320,320,320,2024-03-03 18:29:11
321,321,321,2024-02-18 03:28:23
322,322,322,2024-01-10 21:07:49
323,323,323,2024-11-19 09:04:01
324,324,324,2024-01-19 15:46:24
325,325,325,2024-06-09 21:26:52
326,326,326,2024-11-25 06:42:18
327,327,327,2024-04-16 09:02:23
328,328,328,2024-08-18 03:36:44
329,329,329,2024-05-20 02:41:45
330,330,330,2024-04-20 23:22:07
331,331,331,2024-01-07 09:29:26
332,332,332,2024-05-04 13:25:55
333,333,333,2024-01-11 21:10:32
334,334,334,2024-01-07 08:20:13
335,335,335,2024-12-12 13:21:43
336,336,336,2024-01-30 05:17:26
337,337,337,2024-08-10 05:10:17
338,338,338,2024-12-13 17:54:27
339,339,339,2024-07-29 17:22:19
340,340,340,2024-09-18 15:53:45
341,341,341,2024-08-30 04:24:21
342,342,342,2024-08-10 14:11:43
343,343,343,2024-07-07 15:59:19
344,344,344,2024-04-09 21:38:35
345,345,345,2024-12-11 15:15:49
346,346,346,2024-01-25 22:19:02
347,347,347,2024-02-23 19:33:45
348,348,348,2024-04-01 02:20:09
349,349,349,2024-12-16 13:03:37
350,350,350,2024-11-01 18:37:50
351,351,351,2024-11-17 07:43:11
352,352,352,2024-01-29 08:46:00
353,353,353,2024-11-28 18:02:19
354,354,354,2024-06-19 02:24:38
355,355,355,2024-05-24 01:56:06
356,356,356,2024-04-21 05:51:17
357,357,357,2024-03-24 22:05:25
358,358,358,2024-06-06 22:19:49
359,359,359,2024-10-15 20:44:57
360,360,360,2024-03-25 12:29:45
361,361,361,2023-12-29 22:21:34
362,362,362,2024-11-13 07:19:34
363,363,363,2024-09-26 14:25:00
364,364,364,2024-05-05 09:43:57
365,365,365,2024-03-02 15:10:28
366,366,366,2024-05-15 22:42:53
367,367,367,2024-05-24 14:52:10
368,368,368,2024-03-03 09:47:36
369,369,369,2024-07-11 06:38:21
370,370,370,2024-09-29 15:14:40
371,371,371,2024-11-03 00:12:06
372,372,372,2024-06-22 21:05:43
373,373,373,2024-07-12 09:37:41
374,374,374,2024-09-18 17:21:25
375,375,375,2024-06-27 21:21:57
376,376,376,2024-07-23 19:38:14
377,377,377,2024-10-04 21:46:35
378,378,378,2024-07-23 14:27:39
379,379,379,2024-03-06 10:53:22
380,380,380,2024-08-17 20:52:05
381,381,381,2024-01-19 13:57:06
382,382,382,2024-02-23 08:00:50
383,383,383,2024-02-24 19:14:52
384,384,384,2024-11-15 09:52:36
385,385,385,2024-08-06 17:53:06
386,386,386,2024-09-14 09:17:07
387,387,387,2024-11-03 02:55:07
388,388,388,2024-06-20 12:35:08
389,389,389,2024-12-04 10:19:45
390,390,390,2024-03-09 11:29:08
391,391,391,2024-05-28 00:18:57
392,392,392,2024-06-03 21:22:26
393,393,393,2024-04-06 00:29:52
394,394,394,2024-01-02 22:55:18
395,395,395,2024-09-29 00:21:35
396,396,396,2024-05-09 07:15:51
397,397,397,2024-11-29 06:53:49
398,398,398,2024-05-13 13:50:52
399,399,399,2024-12-13 04:33:27
400,400,400,2024-12-19 01:04:08
401,401,401,2024-05-08 06:11:22
402,402,402,2024-03-08 13:15:34
403,403,403,2024-11-10 07:39:04
404,404,404,2024-05-25 09:12:22
405,405,405,2024-09-17 22:16:42
406,406,406,2024-08-09 20:46:19
407,407,407,2024-05-05 08:24:57
408,408,408,2024-01-17 09:03:31
409,409,409,2024-08-12 00:36:45
410,410,410,2024-11-25 15:43:23
411,411,411,2024-02-03 05:55:15
412,412,412,2024-03-07 23:48:57
413,413,413,2024-04-13 07:21:17
414,414,414,2024-10-30 20:43:52
415,415,415,2024-10-31 06:31:30
416,416,416,2024-05-01 17:09:06
417,417,417,2024-06-13 18:00:08
418,418,418,2024-03-23 09:21:39
419,419,419,2024-11-19 20:22:00
420,420,420,2024-01-15 15:40:00
421,421,421,2024-02-01 10:03:18
422,422,422,2024-08-30 22:48:54
423,423,423,2024-07-18 00:56:28
424,424,424,2024-08-01 03:51:19
425,425,425,2024-01-06 21:41:05
426,426,426,2024-01-14 16:13:43
427,427,427,2024-07-29 23:25:56
428,428,428,2024-08-16 03:02:46
429,429,429,2024-07-18 12:56:50
430,430,430,2024-01-31 14:25:16
431,431,431,2024-02-07 18:07:23
432,432,432,2024-04-06 22:51:04
433,433,433,2024-07-03 00:33:41
434,434,434,2024-11-27 21:38:48
435,435,435,2024-07-27 22:03:57
436,436,436,2024-07-31 20:00:51
437,437,437,2024-01-25 05:33:37
438,438,438,2024-06-19 19:07:52
439,439,439,2024-07-13 10:02:27
440,440,440,2024-11-19 15:15:46
441,441,441,2024-09-20 13:35:51
442,442,442,2024-11-23 00:11:23
443,443,443,2024-03-17 06:47:42
444,444,444,2024-03-03 00:31:03
445,445,445,2024-08-13 18:06:22
446,446,446,2024-10-26 22:12:35
447,447,447,2024-11-16 22:15:29
448,448,448,2024-05-17 09:01:08
449,449,449,2024-08-06 06:24:30
450,450,450,2024-06-25 12:19:33
451,451,451,2024-10-11 05:56:44
452,452,452,2024-02-15 03:44:10
453,453,453,2024-06-22 16:54:45
454,454,454,2024-06-16 00:37:22
455,455,455,2024-09-07 07:02:10
456,456,456,2024-09-03 07:17:58
457,457,457,2024-05-23 15:17:25
458,458,458,2024-12-08 23:17:26
459,459,459,2024-04-20 14:48:47
460,460,460,2024-10-12 04:04:35
461,461,461,2024-08-02 01:36:51
462,462,462,2024-03-10 19:52:42
463,463,463,2024-04-22 06:53:52
464,464,464,2024-09-10 06:21:48
465,465,465,2024-09-11 05:16:45
466,466,466,2024-08-30 04:52:38
467,467,467,2024-11-27 11:54:38
468,468,468,2024-01-09 03:49:39
469,469,469,2024-03-10 20:21:19
470,470,470,2024-08-05 23:54:19
471,471,471,2024-02-27 20:53:46
472,472,472,2024-04-26 20:18:01
473,473,473,2024-03-08 13:23:23
474,474,474,2024-07-15 11:19:16
475,475,475,2024-03-09 10:39:47
476,476,476,2024-04-14 23:32:01
477,477,477,2024-07-18 17:46:28
478,478,478,2024-08-25 18:58:06
479,479,479,2024-09-21 22:24:12
480,480,480,2024-10-20 22:31:38
481,481,481,2024-10-30 21:03:29
482,482,482,2024-09-18 18:02:37
483,483,483,2024-05-22 12:28:51
484,484,484,2024-05-30 23:00:54
485,485,485,2024-08-22 15:26:23
486,486,486,2024-03-09 11:42:26
487,487,487,2024-03-31 20:58:19
488,488,488,2024-08-07 07:01:13
489,489,489,2024-12-08 06:13:09
490,490,490,2024-03-22 00:43:38
491,491,491,2024-01-01 19:16:14
492,492,492,2024-12-21 12:20:09
493,493,493,2024-09-07 20:52:11
494,494,494,2024-11-15 10:47:38
495,495,495,2024-09-09 01:54:09
496,496,496,2024-05-06 16:14:19
497,497,497,2024-11-22 16:13:27
498,498,498,2024-03-30 01:25:30
499,499,499,2024-06-10 20:28:37
500,500,500,2024-03-28 08:46:43
501,501,501,2024-03-19 02:10:38
502,502,502,2024-04-17 03:51:00
503,503,503,2024-09-30 11:39:08
504,504,504,2024-08-17 01:55:08
505,505,505,2024-03-13 12:23:37
506,506,506,2024-06-11 21:12:07
507,507,507,2024-01-30 02:14:40
508,508,508,2024-07-19 21:19:04
509,509,509,2024-01-12 01:34:50
510,510,510,2024-11-24 05:23:51
511,511,511,2024-01-01 05:04:52
512,512,512,2024-09-19 10:04:18
513,513,513,2024-09-23 23:10:46
514,514,514,2024-07-27 13:09:24
515,515,515,2024-12-25 06:35:37
516,516,516,2024-03-15 14:31:42
517,517,517,2024-02-12 05:48:30
518,518,518,2024-03-15 20:50:26
519,519,519,2024-01-05 06:55:34
520,520,520,2024-09-25 02:51:52
521,521,521,2024-03-04 23:15:02
522,522,522,2024-05-04 14:31:55
523,523,523,2024-07-15 18:55:03
524,524,524,2024-09-14 16:14:42
525,525,525,2024-02-03 21:17:40
526,526,526,2024-02-19 16:15:22
527,527,527,2024-09-02 22:09:09
528,528,528,2024-08-05 06:36:33
529,529,529,2024-09-08 11:03:41
530,530,530,2024-04-24 05:17:44
531,531,531,2024-08-11 09:06:46
532,532,532,2024-01-27 13:08:09
533,533,533,2024-04-06 19:53:06
534,534,534,2024-12-04 03:20:51
535,535,535,2024-01-21 04:24:56
536,536,536,2024-06-26 13:29:50
537,537,537,2024-06-08 09:16:40
538,538,538,2024-09-29 09:57:35
539,539,539,2024-05-01 02:52:06
540,540,540,2024-02-11 04:02:28
541,541,541,2024-05-24 12:32:53
542,542,542,2024-12-24 18:03:54
543,543,543,2024-04-28 07:25:33
544,544,544,2024-02-01 15:17:58
545,545,545,2024-02-08 14:14:25
546,546,546,2024-10-15 20:17:22
547,547,547,2024-10-08 08:21:21
548,548,548,2024-03-31 14:03:03
549,549,549,2024-02-20 03:15:32
550,550,550,2024-05-02 23:13:14
551,551,551,2024-11-21 17:37:15
552,552,552,2024-02-01 11:25:06
553,553,553,2024-04-04 14:22:54
554,554,554,2024-08-20 04:12:01
555,555,555,2024-08-14 22:31:02
556,556,556,2024-04-07 07:05:15
557,557,557,2024-11-29 20:18:15
558,558,558,2024-05-09 07:34:35
559,559,559,2024-03-08 07:31:43
560,560,560,2024-04-28 07:07:38
561,561,561,2024-07-01 10:14:46
562,562,562,2024-08-28 08:27:37
563,563,563,2024-05-05 02:18:05
564,564,564,2024-11-21 22:24:39
565,565,565,2024-08-15 10:15:02
566,566,566,2024-10-03 01:08:09
567,567,567,2024-08-01 07:30:37
568,568,568,2024-03-23 19:45:27
569,569,569,2024-01-27 05:18:04
570,570,570,2024-04-04 22:56:40
571,571,571,2024-11-17 19:55:06
572,572,572,2024-02-04 20:21:26
573,573,573,2024-10-27 05:17:28
574,574,574,2024-02-26 15:56:13
575,575,575,2024-12-15 05:03:15
576,576,576,2024-07-13 14:36:47
577,577,577,2024-10-19 16:11:35
578,578,578,2024-07-31 04:13:40
579,579,579,2024-06-27 00:54:15
580,580,580,2024-03-02 01:21:15
581,581,581,2024-06-23 15:55:44
582,582,582,2024-03-19 03:10:16
583,583,583,2024-07-16 23:49:48
584,584,584,2024-05-21 12:35:19
585,585,585,2024-04-28 21:43:58
586,586,586,2024-12-09 23:08:34
587,587,587,2024-11-21 15:19:22
588,588,588,2024-12-22 15:34:38
589,589,589,2024-11-04 23:04:27
590,590,590,2024-09-26 15:45:06
591,591,591,2024-12-03 02:17:28
592,592,592,2024-06-05 14:42:46
593,593,593,2024-03-02 23:23:00
594,594,594,2024-02-25 13:22:36
595,595,595,2024-06-11 07:40:20
596,596,596,2024-11-28 10:59:25
597,597,597,2024-04-06 00:16:56
598,598,598,2024-06-04 11:31:02
599,599,599,2024-04-02 15:37:26
600,600,600,2024-12-21 08:40:26
601,601,601,2024-07-15 16:10:01
602,602,602,2024-10-07 06:46:36
603,603,603,2024-01-11 12:24:31
604,604,604,2024-09-03 14:08:59
605,605,605,2024-02-13 15:58:48
606,606,606,2024-10-17 07:16:39
607,607,607,2024-06-20 09:18:05
608,608,608,2024-11-30 20:01:34
609,609,609,2024-03-28 10:59:59
610,610,610,2024-08-12 03:42:10
611,611,611,2024-03-26 02:38:01
612,612,612,2024-04-21 18:56:13
613,613,613,2024-06-04 16:14:20
614,614,614,2024-04-22 07:45:48
615,615,615,2024-11-29 05:51:24
616,616,616,2024-01-31 17:02:16
617,617,617,2024-09-19 05:07:06
618,618,618,2024-03-13 14:11:53
619,619,619,2024-02-09 02:56:46
620,620,620,2024-05-14 10:00:16
621,621,621,2024-10-12 03:24:26
622,622,622,2024-10-30 16:56:10
623,623,623,2024-04-30 22:42:52
624,624,624,2024-08-21 00:25:50
625,625,625,2024-06-18 00:59:00
626,626,626,2024-10-01 12:23:41
627,627,627,2024-11-16 14:30:13
628,628,628,2024-09-14 11:52:03
629,629,629,2024-06-06 17:45:32
630,630,630,2024-09-18 23:55:16
631,631,631,2024-10-14 22:50:22
632,632,632,2024-11-25 03:43:25
633,633,633,2024-10-04 05:29:54
634,634,634,2024-07-14 19:22:43
635,635,635,2024-08-16 15:15:41
636,636,636,2024-12-01 08:45:08
637,637,637,2024-03-01 09:05:31
638,638,638,2024-05-26 12:58:47
639,639,639,2024-10-02 18:35:30
640,640,640,2024-06-28 10:48:50
641,641,641,2024-10-14 17:32:17
642,642,642,2024-04-14 12:01:40
643,643,643,2024-08-18 00:13:52
644,644,644,2024-02-11 17:24:42
645,645,645,2024-11-07 00:22:20
646,646,646,2024-01-10 17:41:41
647,647,647,2024-04-03 21:00:37
648,648,648,2024-08-27 21:47:48
649,649,649,2024-08-29 10:42:57
650,650,650,2024-09-09 07:35:25
651,651,651,2024-04-16 12:02:40
652,652,652,2024-08-10 15:12:41
653,653,653,2024-09-26 14:19:54
654,654,654,2024-08-06 03:19:08
655,655,655,2024-08-04 08:14:04
656,656,656,2024-04-23 04:55:06
657,657,657,2024-08-05 18:30:00
658,658,658,2024-06-03 06:16:18
659,659,659,2024-12-08 14:38:44
660,660,660,2024-07-01 19:08:10
661,661,661,2024-07-12 03:13:00
662,662,662,2024-08-16 21:44:32
663,663,663,2024-11-06 14:33:26
664,664,664,2024-09-07 06:00:00
665,665,665,2024-10-11 20:47:29
666,666,666,2024-05-07 16:30:16
667,667,667,2024-07-31 08:28:34
668,668,668,2024-04-23 22:19:33
669,669,669,2024-11-04 10:54:24
670,670,670,2024-05-04 20:05:54
671,671,671,2024-03-12 19:14:36
672,672,672,2024-12-10 06:27:58
673,673,673,2024-05-16 16:12:50
674,674,674,2024-05-29 02:06:29
675,675,675,2024-04-03 07:51:01
676,676,676,2024-09-24 03:55:46
677,677,677,2024-01-06 02:52:39
678,678,678,2024-11-24 10:51:33
679,679,679,2024-06-27 13:37:25
680,680,680,2024-09-28 09:45:54
681,681,681,2024-11-05 18:09:11
682,682,682,2024-10-18 03:23:40
683,683,683,2024-11-01 00:17:45
684,684,684,2024-10-09 02:46:12
685,685,685,2024-12-17 21:54:08
686,686,686,2024-02-23 04:43:55
687,687,687,2024-01-17 11:13:37
688,688,688,2024-12-20 00:48:52
689,689,689,2024-02-11 19:06:41
690,690,690,2024-08-28 20:40:47
691,691,691,2023-12-31 06:29:49
692,692,692,2024-07-16 23:17:40
693,693,693,2024-08-02 09:30:19
694,694,694,2024-04-28 04:29:24
695,695,695,2023-12-27 20:21:05
696,696,696,2024-03-25 20:42:21
697,697,697,2024-03-31 01:11:44
698,698,698,2024-05-27 12:58:31
699,699,699,2024-05-05 00:51:58
700,700,700,2024-11-03 16:59:05
701,701,701,2024-05-26 08:15:32
702,702,702,2024-05-23 08:47:15
703,703,703,2024-09-16 17:26:25
704,704,704,2024-09-23 00:43:27
705,705,705,2024-03-02 11:39:11
706,706,706,2024-09-06 05:58:22
707,707,707,2024-08-14 23:24:03
708,708,708,2024-01-20 21:39:27
709,709,709,2024-10-21 10:01:26
710,710,710,2023-12-28 06:43:15
711,711,711,2024-08-01 21:19:13
712,712,712,2024-01-26 01:51:26
713,713,713,2024-03-21 16:47:48
714,714,714,2024-12-19 08:54:18
715,715,715,2024-12-04 16:57:46
716,716,716,2024-12-24 07:21:51
717,717,717,2024-02-28 09:08:00
718,718,718,2024-07-17 01:15:09
719,719,719,2024-11-11 09:54:55
720,720,720,2024-04-26 17:54:59
721,721,721,2024-06-16 03:08:46
722,722,722,2024-05-15 05:30:16
723,723,723,2024-08-19 15:07:46
724,724,724,2024-09-08 04:52:54
725,725,725,2024-12-12 13:00:39
726,726,726,2024-09-05 14:48:23
727,727,727,2024-07-26 03:24:04
728,728,728,2024-08-19 16:09:33
729,729,729,2023-12-27 08:13:44
730,730,730,2024-10-01 01:59:58
731,731,731,2024-03-01 16:52:12
732,732,732,2024-12-17 03:01:11
733,733,733,2024-12-20 19:12:05
734,734,734,2024-08-17 02:34:11
735,735,735,2024-02-03 09:08:56
736,736,736,2024-12-18 03:25:01
737,737,737,2024-03-18 12:16:47
738,738,738,2024-09-03 06:12:19
739,739,739,2024-07-09 14:08:41
740,740,740,2024-08-28 16:54:49
741,741,741,2024-04-23 01:42:15
742,742,742,2024-01-24 06:14:41
743,743,743,2024-06-10 21:48:19
744,744,744,2024-03-20 15:51:00
745,745,745,2024-10-01 09:38:07
746,746,746,2024-03-18 10:59:12
747,747,747,2024-01-23 07:49:45
748,748,748,2024-01-05 16:12:45
749,749,749,2024-03-24 23:35:42
750,750,750,2024-11-02 11:58:05
751,751,751,2024-09-02 16:02:51
752,752,752,2024-04-30 21:33:46
753,753,753,2024-04-22 23:40:59
754,754,754,2024-05-17 02:50:17
755,755,755,2024-08-11 01:32:33
756,756,756,2024-08-12 03:52:58
757,757,757,2024-03-24 23:29:27
758,758,758,2024-03-28 00:43:24
759,759,759,2024-09-25 08:15:52
760,760,760,2024-01-17 19:45:30
761,761,761,2024-05-05 20:06:54
762,762,762,2024-01-07 10:19:38
763,763,763,2024-05-13 21:27:29
764,764,764,2024-07-21 13:07:06
765,765,765,2024-01-04 00:38:41
766,766,766,2024-01-06 11:22:03
767,767,767,2024-09-17 06:48:52
768,768,768,2024-10-19 20:50:01
769,769,769,2024-12-07 11:21:01
770,770,770,2024-03-02 09:24:51
771,771,771,2024-01-24 00:26:20
772,772,772,2024-03-31 00:11:52
773,773,773,2024-06-26 03:09:47
774,774,774,2024-06-11 19:34:48
775,775,775,2024-07-21 05:12:19
776,776,776,2024-12-08 15:15:25
777,777,777,2024-03-19 17:47:14
778,778,778,2024-05-03 07:05:00
779,779,779,2024-05-08 11:57:17
780,780,780,2024-04-11 10:40:49
781,781,781,2024-08-30 16:05:22
782,782,782,2024-09-05 12:41:03
783,783,783,2024-09-19 16:59:48
784,784,784,2024-12-09 12:13:05
785,785,785,2024-01-31 19:14:50
786,786,786,2024-10-02 23:21:26
787,787,787,2024-02-24 09:27:03
788,788,788,2024-10-17 05:54:36
789,789,789,2024-01-05 10:51:26
790,790,790,2024-05-22 03:01:22
791,791,791,2024-07-01 13:12:04
792,792,792,2024-02-06 11:48:54
793,793,793,2024-07-19 20:21:35
794,794,794,2024-05-08 10:27:51
795,795,795,2024-03-23 02:22:17
796,796,796,2024-06-23 02:06:48
797,797,797,2024-06-19 14:28:45
798,798,798,2024-04-20 03:49:34
799,799,799,2024-09-06 11:10:00
800,800,800,2024-08-07 11:04:12
801,801,801,2024-04-27 21:52:30
802,802,802,2024-01-01 04:22:31
803,803,803,2024-03-21 14:42:52
804,804,804,2024-06-25 14:42:40
805,805,805,2024-09-10 08:31:06
806,806,806,2024-07-22 12:44:20
807,807,807,2024-07-02 04:13:42
808,808,808,2024-10-29 16:16:27
809,809,809,2024-02-04 03:19:57
810,810,810,2024-08-21 22:05:00
811,811,811,2024-06-14 08:42:51
812,812,812,2024-10-04 22:19:53
813,813,813,2024-01-31 01:52:31
814,814,814,2024-10-31 09:39:54
815,815,815,2024-11-12 01:32:04
816,816,816,2024-09-08 18:39:26
817,817,817,2024-12-19 03:31:38
818,818,818,2024-04-16 06:42:46
819,819,819,2024-01-29 15:54:30
820,820,820,2024-05-24 15:08:53
821,821,821,2024-05-11 18:50:10
822,822,822,2024-10-20 19:13:09
823,823,823,2024-07-29 05:55:18
824,824,824,2024-04-30 22:08:01
825,825,825,2024-12-04 13:27:38
826,826,826,2024-01-19 02:53:48
827,827,827,2024-11-06 21:32:24
828,828,828,2024-10-15 03:35:29
829,829,829,2024-10-17 11:30:02
830,830,830,2024-09-23 11:45:19
831,831,831,2024-11-30 06:07:53
832,832,832,2024-06-12 03:00:26
833,833,833,2024-12-25 10:59:57
834,834,834,2024-12-25 10:24:11
835,835,835,2024-05-19 20:14:36
836,836,836,2024-02-21 11:30:33
837,837,837,2024-05-16 06:09:43
838,838,838,2024-01-13 05:01:11
839,839,839,2024-11-11 06:03:12
840,840,840,2024-12-01 09:31:58
841,841,841,2024-12-23 17:00:22
842,842,842,2024-03-01 18:08:09
843,843,843,2024-12-20 18:52:48
844,844,844,2024-03-25 22:45:38
845,845,845,2024-09-11 13:09:23
846,846,846,2024-01-14 08:10:38
847,847,847,2024-10-14 09:40:13
848,848,848,2024-05-11 05:39:38
849,849,849,2024-04-09 12:26:17
850,850,850,2024-07-25 23:17:28
851,851,851,2024-08-27 16:11:34
852,852,852,2024-03-19 10:01:36
853,853,853,2024-02-04 11:18:10
854,854,854,2024-01-04 04:25:18
855,855,855,2024-04-21 09:38:14
856,856,856,2024-09-11 18:52:59
857,857,857,2024-10-16 00:47:33
858,858,858,2024-06-26 05:24:20
859,859,859,2024-10-29 06:42:45
860,860,860,2024-07-03 14:46:12
861,861,861,2024-11-25 10:23:10
862,862,862,2024-11-22 08:26:43
863,863,863,2024-11-27 07:25:33
864,864,864,2024-05-28 06:33:32
865,865,865,2024-10-08 19:41:27
866,866,866,2024-10-06 07:13:26
867,867,867,2024-04-17 15:10:33
868,868,868,2024-05-01 08:42:45
869,869,869,2024-05-20 21:59:43
870,870,870,2024-08-07 04:46:01
871,871,871,2024-07-24 19:53:50
872,872,872,2024-09-15 12:20:44
873,873,873,2024-08-05 06:47:14
874,874,874,2024-08-23 20:40:25
875,875,875,2024-10-27 09:03:53
876,876,876,2024-08-19 13:02:27
877,877,877,2024-12-16 23:29:19
878,878,878,2024-12-04 11:54:04
879,879,879,2024-09-14 07:09:12
880,880,880,2024-02-02 13:41:20
881,881,881,2024-03-13 02:33:01
882,882,882,2024-02-20 15:55:20
883,883,883,2024-10-13 07:12:31
884,884,884,2024-06-23 07:31:21
885,885,885,2024-02-25 09:41:50
886,886,886,2024-07-14 07:40:18
887,887,887,2024-10-15 17:33:31
888,888,888,2024-01-01 11:46:52
889,889,889,2024-01-31 13:46:01
890,890,890,2024-05-26 17:23:52
891,891,891,2024-09-23 03:06:04
892,892,892,2024-06-21 10:39:30
893,893,893,2024-09-15 23:26:33
894,894,894,2024-03-12 16:30:10
895,895,895,2024-02-01 08:48:42
896,896,896,2024-12-22 10:37:22
897,897,897,2024-05-09 16:16:33
898,898,898,2024-11-18 05:36:18
899,899,899,2024-10-24 15:20:49
900,900,900,2024-04-29 05:10:50
901,901,901,2024-03-05 05:48:34
902,902,902,2024-05-11 19:16:37
903,903,903,2024-04-03 23:02:44
904,904,904,2024-04-09 04:53:44
905,905,905,2024-07-07 03:30:15
906,906,906,2024-10-06 04:29:25
907,907,907,2024-08-01 08:20:57
908,908,908,2024-02-27 22:05:28
909,909,909,2024-11-23 14:57:19
910,910,910,2024-11-11 14:24:58
911,911,911,2024-02-28 20:57:30
912,912,912,2024-10-19 12:05:37
913,913,913,2024-12-15 00:37:11
914,914,914,2024-03-18 11:45:17
915,915,915,2024-08-21 02:40:43
916,916,916,2024-04-22 17:08:41
917,917,917,2024-01-12 14:28:12
918,918,918,2024-09-26 19:25:59
919,919,919,2024-12-05 18:13:18
920,920,920,2024-08-06 03:11:06
921,921,921,2024-05-12 17:00:13
922,922,922,2024-04-06 02:22:44
923,923,923,2024-11-30 08:04:56
924,924,924,2024-02-24 23:31:02
925,925,925,2024-04-05 16:04:29
926,926,926,2024-07-23 00:49:06
927,927,927,2024-10-26 08:53:54
928,928,928,2023-12-26 09:20:43
929,929,929,2024-03-07 03:42:31
930,930,930,2024-10-12 12:33:40
931,931,931,2024-03-31 01:32:18
932,932,932,2024-12-06 14:03:16
933,933,933,2024-03-25 07:32:28
934,934,934,2024-09-30 18:11:12
935,935,935,2024-05-23 20:30:40
936,936,936,2024-11-19 21:40:36
937,937,937,2024-06-13 23:38:45
938,938,938,2024-11-18 09:57:01
939,939,939,2024-11-30 11:31:49
940,940,940,2024-01-19 08:19:00
941,941,941,2024-04-04 01:54:48
942,942,942,2024-06-06 12:35:39
943,943,943,2023-12-27 10:11:55
944,944,944,2024-03-15 23:31:15
945,945,945,2024-03-24 05:03:36
946,946,946,2024-07-24 11:47:39
947,947,947,2024-12-17 22:53:13
948,948,948,2024-09-07 12:33:55
949,949,949,2024-04-04 08:04:47
950,950,950,2024-08-10 22:25:38
951,951,951,2024-08-14 17:03:59
952,952,952,2024-12-09 12:32:17
953,953,953,2024-08-09 01:53:41
954,954,954,2024-06-09 21:47:54
955,955,955,2024-08-29 00:19:07
956,956,956,2024-07-15 16:42:56
957,957,957,2024-06-20 00:17:04
958,958,958,2024-03-19 04:27:58
959,959,959,2024-10-23 08:36:31
960,960,960,2024-11-13 01:31:42
961,961,961,2024-04-19 13:51:46
962,962,962,2024-05-13 01:48:19
963,963,963,2024-04-09 15:05:05
964,964,964,2024-07-26 02:39:21
965,965,965,2024-08-10 05:41:43
966,966,966,2024-06-02 03:03:41
967,967,967,2023-12-26 11:42:02
968,968,968,2024-06-26 14:43:47
969,969,969,2024-10-04 05:03:21
970,970,970,2024-11-16 02:31:22
971,971,971,2024-11-09 21:37:42
972,972,972,2024-08-27 22:34:21
973,973,973,2024-03-28 16:40:29
974,974,974,2024-11-03 02:35:47
975,975,975,2024-02-02 00:36:37
976,976,976,2024-04-15 20:31:55
977,977,977,2024-10-01 16:48:46
978,978,978,2024-11-17 16:34:48
979,979,979,2024-08-09 15:42:21
980,980,980,2024-06-15 20:09:43
981,981,981,2024-02-06 23:41:56
982,982,982,2024-10-28 13:52:13
983,983,983,2024-04-11 12:34:54
984,984,984,2024-07-29 10:29:43
985,985,985,2024-05-17 18:14:20
986,986,986,2023-12-28 17:03:20
987,987,987,2024-06-08 23:21:55
988,988,988,2024-06-02 05:08:29
989,989,989,2024-05-14 22:18:20
990,990,990,2024-12-21 20:47:48
991,991,991,2024-07-07 06:46:05
992,992,992,2024-07-08 20:42:25
993,993,993,2024-03-11 17:01:46
994,994,994,2024-11-14 05:27:24
995,995,995,2024-06-26 11:06:59
996,996,996,2024-10-12 12:54:48
997,997,997,2024-10-17 05:40:20
998,998,998,2024-05-31 15:46:08
999,999,999,2024-01-15 16:00:04
1000,1000,1000,2024-07-06 18:12:05
